Hora de publicación,Impresiones,Alcance,Comentarios,Compartidos,Clics,Reacciones
01/03/2022 19:01,49,46,0,5,0,5
01/10/2022 17:01,58,53,0,1,6,7
01/11/2022 13:01,151,122,5,9,1,13
01/11/2022 17:01,142,121,11,8,1,67
01/14/2022 12:01,17,17,0,1,0,9
01/14/2022 12:01,31,30,0,1,0,6
01/20/2022 13:01,50,44,0,2,0,22
01/21/2022 06:01,14,14,0,0,0,0
01/21/2022 22:01,27,26,2,1,0,4
01/24/2022 13:01,90,85,31,4,24,38
01/24/2022 15:01,50,46,0,3,2,6
01/26/2022 14:01,25,25,0,0,0,2
01/26/2022 15:01,31,29,0,2,1,2
01/26/2022 21:01,21,21,0,0,1,2
01/31/2022 17:01,381,333,0,10,21,28
02/01/2022 12:02,70,65,4,4,7,10
02/01/2022 13:02,47,44,0,2,0,1
02/01/2022 13:02,22,22,0,0,0,0
02/02/2022 08:02,525,471,5,4,33,8
02/03/2022 09:02,27,27,0,1,0,8
02/03/2022 15:02,52,51,0,0,1,1
02/04/2022 11:02,60,55,1,2,4,2
02/04/2022 17:02,353,326,0,7,14,5
02/08/2022 10:02,25,25,0,1,0,0
02/08/2022 13:02,26,26,0,0,0,3
02/09/2022 15:02,39,39,0,1,2,2
02/10/2022 11:02,42,41,0,2,0,2
02/10/2022 18:02,109,100,0,3,3,28
02/11/2022 09:02,26,26,0,0,0,6
02/11/2022 09:02,100,87,0,18,1,49
02/11/2022 16:02,32,30,0,2,1,11
02/14/2022 14:02,32,31,0,0,0,0
02/14/2022 17:02,90,70,3,3,3,21
02/15/2022 08:02,381,337,17,9,16,19
02/16/2022 10:02,30,30,0,0,0,0
02/16/2022 15:02,30,30,0,1,1,0
02/16/2022 16:02,27,27,0,0,1,0
02/16/2022 17:02,37,37,1,0,3,2
02/21/2022 08:02,51,49,1,3,0,14
02/21/2022 10:02,32,32,0,0,0,1
02/25/2022 11:02,29,29,0,0,0,0
02/25/2022 11:02,62,59,0,1,0,1
02/25/2022 14:02,69,67,0,0,4,0
02/25/2022 16:02,274,228,6,7,2,5
02/25/2022 18:02,33,33,0,0,0,0
03/01/2022 17:03,30,30,0,0,0,0
03/01/2022 17:03,36,35,0,1,0,3
03/01/2022 20:03,51,50,0,0,2,0
03/02/2022 10:03,72,69,7,9,1,22
03/04/2022 11:03,41,41,0,0,2,30
03/04/2022 15:03,118,108,2,0,10,109
03/05/2022 06:03,36,36,0,0,1,0
03/05/2022 17:03,36,36,0,0,1,11
03/08/2022 09:03,107,100,0,8,0,17
03/09/2022 12:03,54,50,1,5,0,9
03/09/2022 15:03,38,38,0,0,0,11
03/10/2022 09:03,61,61,0,1,1,5
03/11/2022 11:03,145,134,12,8,7,47
03/11/2022 14:03,42,42,0,0,0,19
03/11/2022 17:03,98,95,0,0,4,16
03/11/2022 17:03,39,39,0,0,0,1
03/11/2022 18:03,45,45,0,1,0,4
03/11/2022 18:03,43,42,0,1,0,4
03/11/2022 19:03,49,49,0,0,0,17
03/14/2022 10:03,47,47,0,0,2,12
03/14/2022 10:03,39,38,0,0,0,4
03/14/2022 10:03,43,41,0,2,0,3
03/14/2022 16:03,46,45,0,0,1,14
03/15/2022 10:03,53,53,0,1,4,12
03/15/2022 15:03,108,99,4,8,2,3
03/15/2022 16:03,62,60,0,0,2,3
03/15/2022 16:03,67,62,0,1,1,3
03/16/2022 08:03,66,62,0,0,0,0
03/16/2022 09:03,40,39,0,0,0,1
03/16/2022 10:03,51,49,0,0,0,8
03/16/2022 10:03,45,41,0,1,2,2
03/17/2022 09:03,238,219,0,3,7,2
03/17/2022 11:03,42,40,0,0,0,0
03/17/2022 13:03,68,66,0,0,2,14
03/17/2022 14:03,43,41,0,0,1,1
03/18/2022 09:03,58,56,0,0,0,3
03/18/2022 15:03,670,563,0,0,19,1
03/18/2022 15:03,43,41,0,0,0,0
03/18/2022 15:03,791,639,0,0,61,0
03/18/2022 18:03,44,41,0,0,1,1
03/22/2022 14:03,75,69,0,0,9,5
03/22/2022 20:03,46,44,0,0,0,1
03/23/2022 11:03,43,41,0,0,0,4
03/24/2022 12:03,138,132,3,0,10,17
03/24/2022 15:03,55,51,1,1,0,2
03/25/2022 17:03,118,108,0,1,3,4
03/27/2022 16:03,225,195,1,10,4,12
03/28/2022 10:03,49,46,3,0,0,21
03/28/2022 19:03,90,81,0,1,0,3
03/29/2022 09:03,50,46,1,0,2,1
03/29/2022 09:03,48,45,0,0,0,0
03/29/2022 10:03,56,54,0,0,0,21
03/29/2022 10:03,130,102,0,1,5,0
03/29/2022 15:03,61,58,0,0,1,5
03/30/2022 09:03,50,48,0,1,0,4
03/30/2022 15:03,79,73,0,0,3,26
03/30/2022 16:03,56,52,17,2,0,30
03/30/2022 16:03,53,51,0,1,0,11
03/31/2022 12:03,78,75,1,0,2,7
03/31/2022 12:03,53,49,0,0,2,6
03/31/2022 15:03,51,48,0,0,0,17
03/31/2022 18:03,50,47,0,0,0,0
01/03/2022 10:01,28,27,2,1,0,5
01/03/2022 18:01,65,60,10,4,3,21
04/04/2022 15:04,157,133,3,2,2,18
04/04/2022 16:04,63,60,0,1,0,0
04/04/2022 16:04,60,56,0,0,3,4
04/04/2022 19:04,58,55,0,0,1,0
04/05/2022 09:04,84,81,0,3,1,2
04/07/2022 09:04,59,56,1,0,0,2
04/08/2022 09:04,64,60,1,1,3,11
04/08/2022 09:04,63,60,0,0,1,2
04/08/2022 15:04,66,63,1,0,1,0
04/08/2022 16:04,67,64,0,0,0,1
04/18/2022 08:04,68,65,0,0,0,0
04/18/2022 12:04,71,66,0,0,0,1
04/18/2022 12:04,72,66,0,0,0,3
04/18/2022 12:04,98,91,0,1,1,5
04/18/2022 14:04,73,67,1,0,0,1
04/18/2022 14:04,78,72,0,1,1,4
04/20/2022 10:04,85,79,2,2,0,12
04/22/2022 08:04,78,73,0,0,0,1
04/22/2022 12:04,93,87,0,0,2,2
04/22/2022 16:04,79,74,0,0,1,0
04/23/2022 10:04,82,76,0,0,0,1
04/25/2022 09:04,99,93,0,1,0,2
04/25/2022 09:04,93,87,0,1,0,0
04/26/2022 12:04,194,174,0,1,2,3
04/26/2022 17:04,82,77,0,0,0,3
04/26/2022 17:04,86,81,0,0,0,1
04/26/2022 17:04,89,84,0,0,0,0
04/26/2022 17:04,88,83,0,0,0,0
04/26/2022 17:04,89,83,0,0,1,0
04/26/2022 17:04,94,86,0,0,0,0
04/26/2022 17:04,95,89,0,0,0,0
04/26/2022 17:04,96,90,0,0,1,0
04/26/2022 17:04,100,94,0,0,2,0
04/26/2022 17:04,101,95,0,0,0,0
04/26/2022 17:04,112,103,0,1,0,1
04/27/2022 17:04,150,136,0,1,0,1
04/28/2022 10:04,105,98,0,0,1,1
04/29/2022 09:04,109,102,0,0,0,0
04/29/2022 09:04,242,214,1,4,3,9
04/30/2022 14:04,111,105,0,0,0,0
05/02/2022 15:05,121,113,0,0,0,0
05/02/2022 15:05,144,133,0,1,0,0
05/02/2022 15:05,237,213,0,2,0,1
05/03/2022 13:05,136,123,0,0,1,1
05/03/2022 13:05,151,139,0,1,0,2
05/03/2022 17:05,166,152,0,2,2,5
05/03/2022 17:05,180,160,0,1,0,4
05/03/2022 17:05,1027,837,26,20,165,52
05/04/2022 09:05,181,161,0,0,1,0
05/04/2022 09:05,208,187,0,1,3,1
05/05/2022 15:05,193,174,0,0,0,2
05/06/2022 09:05,318,260,4,4,12,6
05/06/2022 09:05,202,182,0,0,0,4
05/06/2022 17:05,202,184,0,0,0,0
05/11/2022 10:05,836,645,28,11,29,204
05/11/2022 14:05,253,230,0,0,0,1
05/11/2022 15:05,289,258,0,1,1,2
05/12/2022 08:05,310,270,0,0,0,1
05/12/2022 11:05,578,464,13,6,11,11
05/13/2022 17:05,390,341,1,0,0,0
05/13/2022 22:05,364,316,0,0,2,10
05/15/2022 08:05,404,344,0,4,0,4
05/17/2022 10:05,378,334,0,0,2,4
05/18/2022 09:05,438,381,2,1,5,7
05/18/2022 18:05,1374,1096,1,7,53,43
05/20/2022 08:05,463,397,0,0,1,1
05/20/2022 10:05,481,414,0,1,1,2
05/20/2022 11:05,538,460,0,1,1,0
05/23/2022 08:05,585,503,2,5,1,41
05/23/2022 08:05,791,639,2,2,4,4
05/23/2022 08:05,588,503,0,0,0,1
05/23/2022 14:05,749,635,1,3,3,1
05/23/2022 19:05,717,605,6,1,12,14
05/23/2022 20:05,755,627,1,2,5,10
05/24/2022 12:05,766,634,1,0,1,0
05/24/2022 12:05,1249,959,32,12,50,70
05/24/2022 15:05,988,803,1,1,65,3
05/25/2022 08:05,984,797,1,0,11,3
05/25/2022 08:05,1139,909,0,2,10,4
05/26/2022 16:05,2071,1652,7,8,67,39
05/26/2022 16:05,1429,1115,0,5,10,11
05/26/2022 20:05,1268,1005,0,0,0,0
05/27/2022 12:05,1783,1309,0,0,15,1
05/30/2022 13:05,1611,1245,0,0,5,4
05/30/2022 13:05,2520,1823,4,1,82,5
05/30/2022 17:05,2377,1675,0,0,134,2
05/31/2022 17:05,2670,1813,0,0,16,1
05/31/2022 18:05,2955,1938,0,1,20,0
05/31/2022 18:05,4365,2427,0,1,4,3
06/03/2022 17:06,10918,6809,14,19,1059,86
06/09/2022 15:06,16122,11495,11,19,1627,144
06/09/2022 16:06,4414,2545,0,1,19,2
06/10/2022 09:06,3532,1935,0,0,16,0
06/10/2022 13:06,5828,3482,2,2,67,38
06/13/2022 09:06,7172,4744,3,1,717,11
06/18/2022 10:06,5979,3808,5,1,201,65
06/20/2022 13:06,4297,2424,0,0,31,2
06/29/2022 10:06,9162,6454,10,12,868,58
06/29/2022 13:06,6606,4243,0,4,210,3
06/29/2022 17:06,4379,2577,0,3,32,2
06/29/2022 17:06,5763,3412,0,4,107,6
06/30/2022 12:06,5838,3578,0,4,59,8
04/01/2022 15:04,61,58,0,1,1,3
04/01/2022 16:04,130,117,0,3,28,1
09/30/2022 16:09,1393,1202,0,0,1,11
09/30/2022 16:09,1648,1478,0,0,1,20
09/30/2022 16:09,2972,2616,2,0,1,46
09/30/2022 15:09,2878,2641,1,1,1,15
09/30/2022 10:09,2690,2501,0,1,1,11
09/29/2022 14:09,1323,1207,0,1,1,1
09/29/2022 14:09,1297,1164,0,1,1,1
09/29/2022 08:09,1538,1428,0,0,1,3
09/28/2022 15:09,2354,2196,0,1,1,5
09/28/2022 12:09,4375,4053,1,2,1,29
09/28/2022 08:09,1410,1275,0,1,1,2
09/28/2022 08:09,1899,1753,1,1,1,2
09/28/2022 08:09,1097,1005,0,1,1,1
09/28/2022 08:09,1559,1472,1,1,1,2
09/28/2022 08:09,897,834,0,1,1,1
09/28/2022 08:09,1702,1623,1,2,1,5
09/27/2022 16:09,11805,10410,110,10,1,437
09/27/2022 15:09,2391,2310,0,1,1,3
09/27/2022 15:09,3328,3225,1,0,1,11
09/27/2022 11:09,2584,2304,0,5,1,14
09/26/2022 14:09,2767,2645,2,2,1,11
09/26/2022 13:09,1688,1571,0,2,1,7
09/26/2022 13:09,3511,3397,1,2,1,24
09/26/2022 13:09,1685,1595,0,3,1,7
09/26/2022 13:09,862,782,0,2,1,2
09/26/2022 13:09,1176,1076,0,2,1,2
09/26/2022 11:09,3188,3094,1,4,1,15
09/26/2022 10:09,3713,3690,0,3,1,52
09/26/2022 09:09,3492,3211,1,7,1,102
09/24/2022 20:09,13176,11205,32,25,1,437
09/24/2022 13:09,8059,7775,4,10,1,141
09/23/2022 18:09,986,901,0,0,1,14
09/22/2022 21:09,2914,2715,0,2,1,24
09/22/2022 18:09,1457,1314,0,0,1,2
09/22/2022 18:09,7941,7402,10,5,1,186
09/22/2022 14:09,1011,918,0,1,1,25
09/22/2022 14:09,1120,948,1,6,1,17
09/22/2022 14:09,1231,1033,1,7,1,24
09/21/2022 08:09,1375,1243,0,1,1,2
09/19/2022 16:09,2691,2545,0,0,1,5
09/19/2022 16:09,2281,1972,0,4,1,6
09/19/2022 11:09,5237,4655,1,9,1,53
09/15/2022 23:09,4506,4196,0,0,1,27
09/14/2022 15:09,1443,1216,0,2,1,5
09/14/2022 15:09,5611,5227,6,4,1,20
09/14/2022 11:09,3237,2681,1,2,1,12
09/13/2022 08:09,3550,3136,1,4,3,4
09/12/2022 09:09,2148,1890,0,0,1,9
08/11/2022 08:08,2853,2187,0,2,1,0
08/08/2022 08:08,4845,4053,3,21,1,14
12/31/2022 08:12,3471,2580,0,0,1,28
12/25/2022 00:12,5037,3515,0,1,1,99
12/24/2022 08:12,3466,2477,0,0,1,12
12/16/2022 17:12,4693,3418,0,0,1,41
12/16/2022 09:12,3096,2204,0,0,1,3
12/16/2022 09:12,7739,5921,81,4,2,213
12/15/2022 11:12,3125,2350,0,0,1,12
12/14/2022 13:12,7255,5256,19,4,2,136
12/13/2022 14:12,6905,5409,5,2,3,83
12/13/2022 14:12,7047,5842,1,1,1,143
12/07/2022 15:12,7435,6267,4,3,1,287
12/05/2022 10:12,4721,3471,4,2,1,13
12/02/2022 09:12,8445,6421,3,4,1,56
12/01/2022 08:12,17913,14644,75,21,1,811
11/24/2022 16:11,8325,6274,9,8,1,76
11/23/2022 14:11,2419,2107,0,4,1,7
11/18/2022 08:11,19064,15991,136,53,1,1063
11/04/2022 14:11,8130,7388,15,10,1,160
11/01/2022 10:11,6367,6111,7,5,1,120
10/28/2022 09:10,7883,7178,6,3,1,204
10/28/2022 09:10,14435,12923,127,22,1,593
10/28/2022 09:10,3511,3131,0,5,1,13
10/24/2022 10:10,4611,4399,10,3,1,54
10/24/2022 10:10,3638,3482,1,2,1,47
10/24/2022 10:10,2323,2264,0,2,1,10
10/24/2022 10:10,2037,1862,0,2,1,4
10/24/2022 09:10,2254,2204,1,0,1,2
10/19/2022 12:10,3793,3499,0,3,1,1
10/19/2022 11:10,3784,3309,5,16,1,157
10/18/2022 19:10,1593,1483,0,1,1,14
10/18/2022 12:10,5954,5727,1,2,1,47
10/18/2022 11:10,3661,3350,0,12,1,34
10/17/2022 15:10,3389,3140,1,4,1,17
10/17/2022 15:10,2119,1977,0,1,1,6
10/14/2022 09:10,2659,2518,2,2,1,65
10/12/2022 10:10,4774,4203,4,4,1,134
10/12/2022 09:10,2741,2267,11,21,1,83
10/11/2022 08:10,9635,8458,117,12,1,337
10/03/2022 08:10,4906,4434,0,12,1,51
10/04/2022 08:10,5551,4578,5,10,1,46
10/05/2022 12:10,6500,5578,82,7,1,394
10/07/2022 05:10,13017,11187,41,29,1,258
03/09/2023 09:03,1945,1714,2,0,1,3
03/09/2023 10:03,8275,7644,384,7,4,395
03/09/2023 17:03,6592,4349,28,0,2,30
03/09/2023 17:03,4006,3612,14,0,0,14
03/09/2023 17:03,2517,2204,9,0,1,10
03/09/2023 17:03,8580,7580,115,28,4,147
03/10/2023 09:03,4848,4578,8,5,4,17
03/10/2023 09:03,5590,5255,10,3,1,14
03/10/2023 12:03,2487,2261,12,0,0,12
03/10/2023 21:03,13366,11280,309,36,18,363
03/13/2023 14:03,2984,2652,10,0,5,15
03/13/2023 14:03,4940,4443,23,0,0,23
03/13/2023 16:03,4751,4299,35,0,6,41
03/13/2023 17:03,2281,2046,5,0,0,5
03/14/2023 09:03,12768,11273,215,48,11,274
03/14/2023 17:03,3538,3221,8,0,1,9
03/15/2023 11:03,2584,2249,26,0,4,30
03/15/2023 14:03,2142,1799,38,2,2,42
03/15/2023 15:03,4640,4120,21,0,2,23
03/16/2023 13:03,8523,5974,119,15,2,136
03/16/2023 19:03,5218,3418,50,3,1,54
03/16/2023 19:03,20507,15974,294,32,12,338
03/17/2023 12:03,11081,6147,81,2,1,84
03/20/2023 19:03,2019,1830,10,0,1,11
03/21/2023 09:03,4133,3854,42,1,2,45
03/23/2023 09:03,3163,2884,26,2,1,29
03/23/2023 11:03,1511,1229,11,0,1,12
03/25/2023 13:03,5378,4946,45,0,0,451
03/26/2023 20:03,6794,4607,33,1,2,36
03/27/2023 09:03,3264,3032,26,0,2,28
03/27/2023 16:03,4103,3555,25,0,1,26
03/28/2023 09:03,2837,2559,0,0,1,1
03/29/2023 16:03,9842,6831,79,11,3,93
03/29/2023 18:03,5345,5038,45,2,1,48
03/30/2023 12:03,3702,3555,12,0,1,13
03/30/2023 15:03,7108,6413,156,8,2,166
03/30/2023 17:03,2972,2776,16,0,0,16
03/31/2023 15:03,2508,2267,57,1,2,60
03/31/2023 19:03,9562,6680,134,0,4,138
03/31/2023 20:03,8384,5432,86,3,7,96
03/31/2023 20:03,9144,8073,161,14,7,182
01/29/2023 15:01,5515,4578,33,0,6,39
01/30/2023 12:01,4525,4142,3,1,1,5
03/03/2023 18:03,10710,7077,65,2,5,72
03/04/2023 19:03,4128,3834,28,1,2,31
03/06/2023 09:03,3126,2847,6,0,1,7
03/06/2023 17:03,5165,4785,60,2,2,64
03/07/2023 09:03,1957,1796,8,0,3,11
03/07/2023 09:03,2702,2376,18,0,6,24
03/07/2023 16:03,4786,4307,10,1,0,11
03/07/2023 20:03,7368,6626,119,1,5,125
03/08/2023 08:03,2185,1938,15,0,4,19
03/08/2023 09:03,4879,4523,24,0,7,31
03/08/2023 14:03,2217,1867,28,0,2,30
03/08/2023 15:03,6831,6100,53,2,3,58
02/27/2023 13:02,3587,3259,77,1,13,91
02/28/2023 09:02,1578,1394,2,0,0,2
02/28/2023 11:02,3882,3324,10,0,1,11
02/28/2023 14:02,2118,1902,11,0,1,12
02/28/2023 17:02,2425,2219,4,0,0,4
03/01/2023 17:03,4042,3802,21,6,1,28
03/01/2023 19:03,8491,6395,169,7,6,182
03/02/2023 09:03,2636,2464,2,0,2,4
03/02/2023 14:03,1221,1071,10,0,0,10
03/02/2023 14:03,1715,1528,4,2,0,6
03/02/2023 15:03,9037,7090,92,12,8,112
03/03/2023 16:03,8641,7701,134,7,9,150
03/03/2023 17:03,3207,2967,8,0,2,10
02/20/2023 11:02,1952,1716,3,0,0,3
02/20/2023 11:02,1556,1351,3,0,0,3
02/20/2023 15:02,5256,4754,58,1,2,61
02/21/2023 09:02,8572,5179,53,3,4,60
02/21/2023 10:02,3151,2811,1,1,1,3
02/22/2023 12:02,11094,8261,218,1,6,225
02/23/2023 14:02,1960,1791,2,0,0,2
02/23/2023 14:02,2171,1865,3,0,1,4
02/24/2023 09:02,1863,1643,9,0,1,10
02/24/2023 10:02,1976,1751,4,2,2,81
02/24/2023 10:02,1825,1528,5,0,1,6
02/24/2023 10:02,2179,1833,3,0,1,4
02/24/2023 17:02,2719,2382,10,0,1,11
02/24/2023 19:02,4917,3504,134,18,18,170
02/26/2023 10:02,1812,1533,6,1,0,7
01/30/2023 12:01,2355,2113,16,0,0,16
01/30/2023 17:01,4741,4291,20,5,9,34
01/30/2023 20:01,19756,12934,232,8,15,255
02/01/2023 08:02,1298,1091,0,0,0,0
02/01/2023 08:02,5480,5014,18,9,0,27
02/01/2023 08:02,4373,3642,20,2,9,31
02/01/2023 09:02,1804,1420,3,0,0,3
02/01/2023 09:02,3714,2929,14,1,8,23
02/01/2023 15:02,4548,3961,12,1,1,14
02/01/2023 15:02,6701,5245,24,9,17,50
02/01/2023 15:02,3180,2594,18,1,0,19
02/02/2023 16:02,1949,1524,8,0,0,8
02/03/2023 17:02,7455,5921,17,11,5,33
02/07/2023 08:02,1147,961,1,0,0,1
02/07/2023 09:02,1795,1591,4,0,0,4
02/07/2023 09:02,1609,1305,4,0,2,6
02/07/2023 09:02,3867,3477,9,4,3,16
02/07/2023 10:02,2010,1775,7,0,0,7
02/07/2023 12:02,6221,4597,25,0,0,25
02/08/2023 09:02,1882,1646,6,0,0,6
02/08/2023 09:02,2608,2234,5,1,3,9
02/08/2023 09:02,3414,2896,23,0,9,32
02/08/2023 11:02,3586,3090,6,0,2,8
02/08/2023 14:02,14014,12613,170,52,14,236
02/08/2023 20:02,31642,20073,203,24,23,250
02/10/2023 09:02,1582,1267,4,0,0,4
02/10/2023 10:02,3481,2993,12,5,1,18
02/10/2023 17:02,3278,2843,27,2,5,34
02/11/2023 20:02,3610,3154,75,1,4,80
02/13/2023 09:02,6896,6523,142,13,2,157
02/13/2023 09:02,2903,2707,17,0,1,18
02/13/2023 12:02,3265,2929,6,1,0,7
02/13/2023 16:02,1821,1426,49,0,3,52
02/13/2023 19:02,9359,7368,60,8,3,71
02/13/2023 22:02,10092,9178,354,50,16,420
02/14/2023 12:02,2592,2294,6,0,0,61
02/14/2023 17:02,4219,3827,80,1,2,83
02/16/2023 09:02,1494,1223,8,0,0,8
02/16/2023 15:02,3902,3370,14,0,1,15
02/16/2023 17:02,3921,3515,3,1,2,6
02/17/2023 10:02,1301,1127,8,0,0,8
02/17/2023 13:02,2612,2240,6,2,0,8
02/17/2023 13:02,5021,4382,16,3,0,19
02/17/2023 16:02,10095,8531,264,22,8,294
02/18/2023 10:02,11889,10075,140,5,4,149
01/02/2023 09:01,9118,6671,30,4,7,41
01/03/2023 15:01,3193,2273,0,1,0,1
01/06/2023 13:01,3012,2255,14,0,0,14
01/11/2023 10:01,6355,5408,16,4,3,23
01/11/2023 11:01,2480,1967,0,0,0,0
01/12/2023 09:01,4231,3499,20,0,1,21
01/13/2023 13:01,4679,3941,8,0,1,9
01/13/2023 15:01,10951,7620,91,6,1,98
01/16/2023 18:01,2489,1917,29,0,1,30
01/17/2023 09:01,2196,1823,0,0,0,0
01/17/2023 10:01,6016,5169,93,3,1,97
01/19/2023 10:01,6475,5518,113,6,1,120
01/19/2023 11:01,2179,1813,7,0,0,7
01/19/2023 15:01,7825,6677,121,34,2,157
01/23/2023 10:01,1687,1452,6,1,0,7
01/23/2023 11:01,2396,2170,0,0,0,0
01/23/2023 11:01,1995,1803,1,0,0,1
01/23/2023 16:01,6709,5970,82,3,2,87
01/24/2023 12:01,3006,2792,10,0,2,12
01/24/2023 12:01,15113,11236,134,45,8,187
01/25/2023 10:01,7290,6550,255,36,20,311
01/25/2023 15:01,5421,4806,12,0,2,14
01/26/2023 12:01,1776,1524,2,0,0,2
01/26/2023 16:01,11199,7749,136,3,5,144
01/27/2023 11:01,6434,5744,27,0,0,27
01/28/2023 12:01,1624,1416,9,0,0,9
01/28/2023 17:01,3611,3014,18,0,0,18
01/01/2023 00:01,4361,3019,29,0,3,32
01/02/2023 09:01,7121,5772,34,0,1,35
05/03/2023 09:05,4464,3666,2,2,448,22
05/02/2023 17:05,2898,2497,1,0,105,24
06/30/2023 17:06,12079,8401,27,7,2670,180
06/30/2023 09:06,2649,2099,0,0,26,14
06/29/2023 19:06,4092,3370,2,0,486,19
06/29/2023 19:06,5863,4607,25,1,560,170
06/29/2023 18:06,6626,5744,10,4,679,30
06/29/2023 18:06,6852,5881,11,6,869,51
06/28/2023 11:06,3357,2745,0,1,41,2
06/28/2023 09:06,7187,5626,3,5,1102,72
06/27/2023 13:06,6984,6082,5,12,715,67
06/27/2023 09:06,3091,2559,0,0,34,2
06/26/2023 08:06,2419,1938,0,0,104,6
06/23/2023 12:06,5329,4196,11,9,138,117
06/22/2023 13:06,4349,3434,0,2,245,5
06/22/2023 11:06,3771,2827,1,2,82,4
06/22/2023 08:06,3631,2792,0,2,109,15
06/21/2023 16:06,5919,4859,3,1,965,29
06/21/2023 12:06,2066,1612,0,0,25,1
06/20/2023 12:06,3833,2904,0,2,85,19
06/19/2023 14:06,3788,2912,0,1,90,1
06/18/2023 09:06,3224,2497,1,0,41,27
06/16/2023 20:06,2525,1860,0,0,17,2
06/16/2023 12:06,3594,2685,2,1,74,5
06/16/2023 11:06,6931,4365,3,5,550,25
06/16/2023 10:06,2427,1799,0,0,32,1
06/14/2023 17:06,5152,4180,5,1,226,47
06/14/2023 15:06,2583,1902,0,0,62,15
06/14/2023 14:06,5222,4135,4,0,342,38
06/14/2023 09:06,3297,2434,0,1,38,4
06/14/2023 08:06,4018,3041,0,2,94,39
06/13/2023 14:06,2649,1953,1,5,43,9
06/13/2023 10:06,2659,2011,0,1,39,5
06/13/2023 10:06,7307,6132,17,7,768,198
06/12/2023 14:06,5180,4127,3,2,425,52
06/12/2023 12:06,4002,3145,0,4,85,3
06/12/2023 12:06,6896,5619,1,2,764,115
06/11/2023 17:06,7844,6512,2,5,1271,43
06/11/2023 14:06,2456,1693,1,1,137,12
06/09/2023 11:06,2427,1746,1,0,135,4
06/08/2023 12:06,9873,6400,9,19,1361,171
06/08/2023 12:06,2495,1721,0,1,66,7
06/08/2023 12:06,2135,1526,0,0,48,1
06/07/2023 12:06,9828,7004,57,15,2058,174
06/07/2023 09:06,2489,1855,0,0,23,5
06/07/2023 09:06,2249,1646,0,0,20,1
06/07/2023 09:06,12645,8146,12,20,1963,217
06/06/2023 18:06,3618,2637,0,5,71,28
06/06/2023 17:06,3986,3090,1,2,158,46
06/06/2023 14:06,6668,5154,1,10,491,63
06/06/2023 14:06,3737,2929,0,0,115,34
06/06/2023 09:06,6842,6188,9,2,576,128
06/04/2023 13:06,4460,3720,0,2,329,8
06/01/2023 18:06,6461,5569,6,3,634,118
05/31/2023 18:05,2810,2118,3,8,69,12
05/31/2023 18:05,4000,2959,0,4,60,6
05/30/2023 09:05,3061,2385,0,1,39,3
05/30/2023 08:05,12527,10359,253,34,1909,709
05/29/2023 10:05,2658,2110,0,1,21,2
05/29/2023 10:05,2489,1993,0,0,52,1
05/29/2023 10:05,2164,1728,0,0,35,0
05/29/2023 09:05,1916,1547,0,0,30,8
05/29/2023 09:05,1894,1531,0,1,11,0
05/26/2023 10:05,6089,4869,0,0,1046,26
05/25/2023 16:05,5027,4157,0,0,838,16
05/25/2023 16:05,3803,3168,0,0,465,13
05/25/2023 11:05,8595,7566,20,2,2468,115
05/24/2023 20:05,3207,2480,0,2,244,79
05/24/2023 19:05,3098,2325,5,3,248,57
05/24/2023 17:05,3244,2580,1,5,67,16
05/24/2023 15:05,2291,1880,0,1,24,4
05/24/2023 15:05,3225,2696,0,1,150,7
05/24/2023 12:05,3627,2976,0,4,121,11
05/24/2023 09:05,2477,1964,0,2,26,5
05/24/2023 09:05,2567,2178,0,0,71,3
05/24/2023 08:05,2352,1988,0,1,44,5
05/24/2023 08:05,3173,2580,8,3,291,26
05/23/2023 19:05,2439,1998,2,3,187,39
05/23/2023 17:05,14414,10185,5,9,3236,87
05/23/2023 16:05,2655,2090,0,6,72,18
05/23/2023 14:05,3037,2685,0,2,133,16
05/23/2023 13:05,3125,2559,0,4,100,22
05/23/2023 13:05,5347,4684,4,3,581,44
05/23/2023 09:05,4032,2963,0,4,203,11
05/23/2023 08:05,4291,3466,6,8,473,91
05/22/2023 17:05,5481,5126,4,4,519,40
05/22/2023 09:05,2130,1637,1,1,30,3
05/22/2023 09:05,1786,1514,0,0,33,0
05/22/2023 09:05,2781,2464,0,0,64,14
05/19/2023 17:05,3570,2929,1,0,291,32
05/19/2023 09:05,2107,1709,0,0,33,5
05/18/2023 15:05,2062,1610,0,2,21,0
05/18/2023 15:05,6951,4541,1,3,760,42
05/18/2023 14:05,7793,5307,1,8,601,40
05/18/2023 13:05,11016,8044,18,9,2350,168
05/18/2023 09:05,2446,2071,0,0,51,3
05/18/2023 09:05,1474,1178,0,0,10,0
05/18/2023 09:05,2354,1995,0,0,130,12
05/18/2023 09:05,1827,1524,0,1,50,5
05/17/2023 12:05,3204,2811,0,3,107,12
05/17/2023 12:05,3553,2867,0,7,131,8
05/17/2023 12:05,2091,1702,0,1,21,4
05/16/2023 17:05,2416,2006,0,1,92,0
05/16/2023 12:05,3443,2700,0,2,127,16
05/15/2023 11:05,4627,3927,40,5,151,119
05/12/2023 12:05,5011,3714,0,3,435,23
05/12/2023 09:05,2575,1892,0,2,44,2
05/12/2023 09:05,2143,1604,0,0,8,1
05/11/2023 13:05,2337,1737,0,1,18,3
05/11/2023 12:05,2775,2167,0,1,54,4
05/11/2023 12:05,4945,4120,13,1,373,26
05/11/2023 11:05,3166,2319,0,4,51,6
05/11/2023 11:05,3387,2641,1,1,143,9
05/11/2023 10:05,2364,1845,4,2,46,9
05/11/2023 10:05,1902,1418,0,0,16,0
05/11/2023 10:05,2185,1673,0,0,21,2
05/11/2023 09:05,4870,3532,0,3,480,11
05/11/2023 09:05,7417,5574,4,14,359,46
05/11/2023 09:05,3384,2656,1,3,79,14
05/10/2023 08:05,3276,2528,1,3,40,62
05/09/2023 16:05,7802,5220,0,1,1317,42
05/09/2023 15:05,8762,5321,1,3,1406,53
05/09/2023 15:05,3062,2322,0,0,134,1
05/09/2023 09:05,2828,2049,0,2,52,4
05/09/2023 09:05,3280,2528,0,1,75,8
05/09/2023 09:05,2319,1765,0,0,25,2
05/09/2023 09:05,12746,9741,53,22,5974,67
05/04/2023 15:05,10620,6594,8,18,1932,177
04/12/2023 11:04,4221,3776,0,2,873,13
04/12/2023 13:04,9142,5728,4,3,1877,84
04/12/2023 17:04,2607,2474,1,0,98,4
04/12/2023 17:04,1316,1187,0,0,36,0
04/13/2023 09:04,1822,1679,0,0,40,1
04/13/2023 10:04,2666,2518,9,4,179,75
04/13/2023 10:04,2530,2264,2,0,445,15
04/13/2023 10:04,1842,1617,4,0,40,7
04/13/2023 11:04,2311,1941,1,1,346,17
04/13/2023 12:04,1164,972,1,0,39,9
04/17/2023 08:04,6552,5810,24,16,885,58
04/17/2023 09:04,3275,2967,1,2,116,12
04/17/2023 13:04,8642,6384,13,5,1213,103
04/17/2023 14:04,8082,4806,0,2,707,21
04/18/2023 09:04,3236,2715,5,6,86,37
04/18/2023 09:04,1598,1424,0,0,12,7
04/18/2023 10:04,2439,2210,0,4,35,11
04/18/2023 10:04,1544,1309,0,0,16,2
04/18/2023 18:04,27794,25041,144,61,6840,1157
04/19/2023 10:04,4610,3802,2,12,264,26
04/20/2023 09:04,2065,1794,1,2,39,10
04/21/2023 22:04,2200,1953,5,1,49,18
04/22/2023 12:04,6278,5653,9,11,498,30
04/24/2023 20:04,4839,3466,0,0,404,15
04/25/2023 06:04,1731,1582,0,0,18,1
04/25/2023 06:04,3102,2888,7,0,219,3
04/25/2023 14:04,4335,3201,0,0,437,31
04/25/2023 16:04,2189,1972,0,0,112,5
04/26/2023 10:04,4779,4127,15,3,590,81
04/26/2023 18:04,1512,1360,0,0,15,0
04/26/2023 18:04,1273,1114,0,0,18,1
04/26/2023 18:04,4451,4127,9,1,285,90
04/27/2023 21:04,4276,4082,0,0,419,36
04/28/2023 09:04,10657,8287,9,12,1197,150
04/29/2023 09:04,3357,3090,0,2,273,19
04/30/2023 18:04,1938,1725,0,2,21,25
05/01/2023 20:05,1624,1452,0,0,10,12
05/02/2023 09:05,1779,1565,0,0,30,1
05/02/2023 09:05,3922,3538,9,7,171,30
05/02/2023 09:05,3372,3058,1,0,251,3
05/02/2023 09:05,2047,1760,0,1,28,4
05/02/2023 11:05,3932,3434,0,5,231,25
05/02/2023 12:05,1864,1543,0,2,56,2
05/02/2023 12:05,6319,4196,12,14,928,101
04/01/2023 11:04,2165,1933,2,0,158,21
04/10/2023 09:04,5753,5420,13,4,846,41
04/10/2023 09:04,3548,2971,0,1,443,6
04/10/2023 11:04,2059,1837,0,3,42,0
04/10/2023 11:04,1997,1865,0,2,22,17
04/10/2023 12:04,1208,1081,1,0,32,2
04/10/2023 15:04,2584,1969,1,5,175,4
04/10/2023 15:04,2057,1925,0,0,55,7
04/11/2023 09:04,3937,3660,2,1,314,11
04/11/2023 12:04,2160,2038,0,2,30,3
04/11/2023 14:04,3072,2815,0,0,274,6
09/15/2023 17:09,7107,6592,6,9,955,189
09/16/2023 16:09,10928,9433,3,8,3172,145
09/18/2023 08:09,1007,890,0,0,5,2
09/18/2023 08:09,3533,3264,0,6,150,28
09/18/2023 10:09,1494,1309,0,2,0,9
09/18/2023 16:09,2610,2360,0,0,58,8
09/19/2023 09:09,2229,2068,1,1,27,8
09/19/2023 09:09,1447,1258,0,1,28,4
09/20/2023 10:09,2446,2213,2,4,39,13
09/20/2023 15:09,1546,1376,0,0,17,2
09/20/2023 15:09,1575,1388,0,1,32,3
09/20/2023 15:09,6397,6025,5,2,754,105
09/20/2023 16:09,2415,2187,0,0,40,3
09/21/2023 13:09,2470,2273,0,0,34,6
09/21/2023 14:09,7693,5437,2,18,88,17
09/21/2023 20:09,6931,6099,11,3,1390,147
09/22/2023 09:09,5059,4664,0,0,1523,11
09/24/2023 11:09,4195,3907,0,2,475,25
09/26/2023 17:09,2493,2184,0,0,139,12
09/26/2023 17:09,2646,2335,0,1,178,6
09/27/2023 08:09,6266,5489,44,7,1212,214
09/27/2023 20:09,2834,2549,0,0,334,4
09/28/2023 09:09,5304,4408,11,15,319,143
09/29/2023 08:09,1262,1096,0,0,20,1
09/29/2023 08:09,2710,2369,1,4,91,15
09/29/2023 08:09,2630,1985,2,7,48,15
09/29/2023 11:09,1594,1335,0,0,28,3
09/29/2023 14:09,2340,2074,0,1,62,11
09/29/2023 14:09,6824,6525,25,1,635,219
09/30/2023 12:09,6482,6117,8,0,2152,92
09/30/2023 16:09,4108,3708,1,0,751,15
07/01/2023 13:07,15359,12916,127,64,1395,600
07/02/2023 13:07,3788,2855,0,0,17,17
09/12/2023 09:09,1321,1098,1,0,1,0
09/13/2023 16:09,2735,2484,1,0,126,8
09/13/2023 19:09,9032,8160,63,21,1066,364
09/14/2023 14:09,4318,3808,2,0,586,21
08/07/2023 16:08,1332,1162,0,0,5,5
08/08/2023 10:08,3056,2796,0,3,50,42
08/08/2023 12:08,4577,3975,1,2,281,50
08/08/2023 16:08,6202,5562,4,3,1160,15
08/09/2023 11:08,1576,1380,0,1,17,4
08/10/2023 08:08,3480,2835,0,6,84,14
08/10/2023 08:08,1930,1691,0,1,70,3
08/10/2023 08:08,1756,1474,0,1,18,2
08/10/2023 11:08,2957,2504,1,3,65,12
08/10/2023 11:08,2172,1895,0,2,11,6
08/10/2023 11:08,2415,1959,0,2,21,9
08/14/2023 08:08,1670,1487,0,0,5,3
08/14/2023 09:08,1855,1695,0,0,21,2
08/14/2023 12:08,3645,3058,0,8,98,23
08/15/2023 09:08,2738,2357,2,3,43,12
08/15/2023 09:08,3125,2715,0,0,184,7
08/15/2023 12:08,6691,4505,5,5,557,22
08/15/2023 14:08,1780,1554,0,0,0,1
08/15/2023 14:08,4346,3815,6,0,473,18
08/16/2023 08:08,5,3,1,0,1,17
08/16/2023 09:08,1807,1556,0,0,8,0
08/16/2023 15:08,2949,2619,5,1,56,17
08/16/2023 16:08,2073,1716,1,0,52,13
08/17/2023 12:08,1410,1178,0,0,6,3
08/18/2023 08:08,3305,2726,0,5,39,7
08/18/2023 13:08,3918,3370,0,3,179,30
08/20/2023 09:08,4595,3789,0,5,422,18
08/21/2023 08:08,8081,6426,1,11,1239,82
08/22/2023 09:08,2183,1988,0,0,39,5
08/22/2023 09:08,3087,2921,0,0,14,1
08/22/2023 09:08,1920,1702,0,0,43,3
08/22/2023 10:08,3551,3201,2,6,175,26
08/22/2023 10:08,3155,2896,0,0,172,0
08/22/2023 10:08,2186,1912,0,0,52,6
08/23/2023 15:08,2901,2630,0,2,144,6
08/23/2023 17:08,3382,3041,0,2,395,16
08/23/2023 20:08,6747,4569,0,1,133,76
08/24/2023 08:08,1827,1582,0,0,9,2
08/24/2023 08:08,1785,1505,0,3,23,2
08/24/2023 12:08,2871,2411,0,1,71,4
08/25/2023 12:08,6458,6088,1,1,555,160
08/25/2023 13:08,4398,3887,5,0,235,50
08/25/2023 22:08,2344,1928,0,0,147,15
08/28/2023 09:08,3670,3154,2,2,204,5
08/31/2023 14:08,4213,3439,3,4,156,36
08/31/2023 20:08,2174,1775,0,8,72,23
09/02/2023 15:09,4483,4120,1,0,360,105
09/04/2023 09:09,10579,9626,21,11,4139,211
09/05/2023 17:09,1119,972,0,1,6,2
09/05/2023 18:09,1536,1368,0,0,44,9
09/05/2023 18:09,1267,1117,0,0,17,5
09/06/2023 09:09,3324,2884,0,1,368,30
09/06/2023 17:09,5815,5554,2,0,1020,69
09/06/2023 19:09,4021,3690,0,1,224,43
09/06/2023 19:09,2141,1905,0,0,27,10
09/07/2023 08:09,1386,1238,0,0,14,0
09/07/2023 15:09,5338,4880,2,2,717,127
09/07/2023 19:09,2776,2477,1,1,357,18
09/08/2023 11:09,2074,1784,0,0,14,1
09/08/2023 12:09,1070,900,0,0,1,2
09/11/2023 09:09,1403,1249,0,0,9,0
09/11/2023 09:09,5191,4514,2,9,348,42
09/11/2023 12:09,1818,1384,1,4,33,6
09/11/2023 16:09,1918,1702,0,1,21,3
09/11/2023 16:09,3731,3329,0,0,160,25
07/03/2023 09:07,20416,15527,16,26,2326,398
07/04/2023 16:07,4847,3648,0,2,84,7
07/07/2023 11:07,5340,3893,0,0,97,15
07/14/2023 10:07,4472,3255,0,0,77,11
07/31/2023 08:07,4732,4349,2,0,573,22
07/31/2023 13:07,2811,2504,0,1,33,3
07/31/2023 21:07,3488,3126,0,0,93,8
08/01/2023 08:08,5094,4157,3,0,597,3
08/01/2023 11:08,4478,4053,0,0,395,35
08/02/2023 08:08,3074,2656,0,2,205,5
08/02/2023 09:08,4287,3913,0,1,195,10
08/03/2023 08:08,8775,6533,6,4,1662,81
08/03/2023 09:08,1990,1646,0,0,8,6
08/03/2023 10:08,12277,10712,28,21,1487,263
08/03/2023 11:08,9483,7756,1,9,1608,37
08/04/2023 08:08,5650,4913,2,3,675,50
08/07/2023 15:08,2863,2630,0,0,110,14
10/16/2023 16:10,8242,7112,0,7,1795,61
10/16/2023 16:10,3379,3117,0,2,221,17
12/24/2023 20:12,3835,2933,0,0,12,23
12/22/2023 11:12,4633,3642,4,0,97,67
12/22/2023 11:12,2427,1772,0,0,4,8
12/21/2023 11:12,2830,2147,0,0,22,4
12/20/2023 16:12,2919,2243,2,0,63,10
12/20/2023 09:12,2307,1768,0,0,15,14
12/18/2023 16:12,8574,6455,3,3,1607,66
12/18/2023 16:12,3121,2507,0,0,141,11
12/18/2023 15:12,6846,5299,0,2,942,71
12/18/2023 09:12,6373,5215,0,1,800,28
12/15/2023 18:12,3592,3036,0,0,276,12
12/15/2023 12:12,2153,1628,3,0,29,17
12/14/2023 17:12,5612,4795,0,0,498,48
12/13/2023 17:12,5147,4391,0,1,850,32
12/11/2023 16:12,2967,2261,0,2,32,20
12/11/2023 16:12,13113,9811,5,14,1298,114
12/11/2023 13:12,3105,2494,0,1,297,12
12/08/2023 17:12,7591,6535,28,6,1238,124
12/08/2023 09:12,3334,2584,0,0,65,19
12/07/2023 17:12,5235,4487,40,0,266,88
12/07/2023 14:12,3616,2641,7,4,128,76
12/06/2023 08:12,6065,4704,0,3,111,38
12/05/2023 18:12,9657,7673,48,14,1452,406
12/04/2023 11:12,1823,1410,0,0,9,5
12/04/2023 09:12,5256,4150,2,4,375,50
12/01/2023 08:12,1766,1432,0,0,13,7
11/30/2023 21:11,15280,11511,6,14,2194,111
11/30/2023 18:11,1742,1524,0,0,4,1
11/30/2023 12:11,2471,2184,0,0,11,3
11/29/2023 09:11,3594,3090,0,0,127,12
11/28/2023 15:11,3138,2788,0,0,56,7
11/28/2023 12:11,1770,1499,0,0,15,10
11/28/2023 09:11,6129,5557,26,2,922,121
11/27/2023 12:11,7604,6412,15,8,705,123
11/25/2023 16:11,1970,1695,0,0,3,1
11/25/2023 16:11,2,2,1,0,0,2
11/25/2023 13:11,1968,1711,0,0,25,0
11/25/2023 08:11,1359,1164,0,0,1,3
11/24/2023 20:11,5791,5073,0,0,626,22
11/24/2023 16:11,6106,5433,0,2,764,58
11/24/2023 15:11,6560,5586,3,6,759,47
11/23/2023 12:11,2861,2601,0,1,80,30
11/23/2023 09:11,2281,1993,0,1,19,5
11/22/2023 13:11,2374,2011,1,1,25,1
11/22/2023 08:11,8874,7546,2,8,1516,105
11/21/2023 17:11,4805,3934,0,12,189,27
11/21/2023 16:11,2808,2405,0,5,41,10
11/16/2023 18:11,1857,1503,0,0,27,18
11/16/2023 18:11,5863,5127,6,5,602,122
11/16/2023 18:11,1590,1330,0,0,5,0
11/16/2023 18:11,3451,2925,2,3,110,49
11/16/2023 14:11,3450,3067,0,1,148,4
11/16/2023 13:11,2292,1990,0,1,42,8
11/16/2023 12:11,2527,2288,0,1,53,6
11/15/2023 17:11,3442,3058,6,1,222,57
11/14/2023 17:11,6951,6170,0,2,1340,97
11/14/2023 12:11,2046,1768,1,0,8,19
11/14/2023 08:11,1677,1491,0,0,8,1
11/14/2023 08:11,2776,2497,0,2,53,15
11/14/2023 08:11,2806,2477,0,1,91,6
11/14/2023 08:11,8245,7026,11,4,1172,12
11/14/2023 08:11,2091,1867,0,0,11,2
11/14/2023 08:11,2482,2279,0,2,24,1
11/12/2023 18:11,7474,6655,3,5,1391,96
11/12/2023 16:11,10240,8955,31,14,1586,372
11/10/2023 13:11,3697,3206,0,1,146,2
11/10/2023 12:11,2231,2027,0,2,22,0
11/10/2023 11:11,1636,1464,0,1,17,0
11/10/2023 11:11,1778,1619,0,1,30,1
11/08/2023 10:11,2102,1830,1,1,38,2
11/08/2023 10:11,1663,1489,0,0,60,4
11/08/2023 10:11,3173,2946,0,2,40,10
11/08/2023 10:11,5010,4251,10,6,297,17
11/07/2023 11:11,8932,7571,14,14,829,214
11/06/2023 16:11,6586,6149,1,1,524,104
11/06/2023 12:11,3898,3555,1,0,143,27
11/05/2023 17:11,1387,1223,0,0,30,13
11/03/2023 21:11,5084,4694,3,0,385,56
11/03/2023 18:11,10507,8444,0,7,1193,117
11/03/2023 17:11,2,2,1,0,0,39
11/03/2023 15:11,4293,3538,0,3,522,78
11/03/2023 09:11,1423,1212,0,1,5,2
11/02/2023 16:11,1942,1753,0,0,6,12
11/02/2023 15:11,2151,1990,0,1,20,30
11/02/2023 15:11,5366,4980,0,5,960,58
11/01/2023 16:11,3181,2518,2,5,90,15
11/01/2023 10:11,3155,2831,1,1,100,28
11/01/2023 10:11,3229,3019,2,3,136,34
10/31/2023 17:10,15431,13036,11,13,5000,281
10/31/2023 10:10,2187,1951,0,0,11,0
10/31/2023 10:10,1305,1161,0,0,11,2
10/30/2023 09:10,2489,2190,1,3,46,9
10/30/2023 09:10,2976,2700,0,2,88,3
10/28/2023 19:10,3334,2929,0,2,550,16
10/27/2023 17:10,2562,2282,1,2,53,3
10/27/2023 17:10,5580,4487,0,5,849,19
10/27/2023 17:10,5094,4243,0,0,604,18
10/27/2023 16:10,2225,1953,0,2,43,17
10/27/2023 16:10,0,0,0,0,0,23
10/27/2023 16:10,2198,1910,0,0,124,3
10/26/2023 15:10,7917,6978,175,9,1562,455
10/24/2023 20:10,2957,2487,0,3,318,25
10/24/2023 15:10,4541,4097,1,5,860,46
10/24/2023 15:10,2987,2776,1,0,102,45
10/23/2023 16:10,1366,1209,0,0,2,1
10/23/2023 14:10,2479,2234,1,3,37,20
10/23/2023 09:10,2076,1915,0,0,24,0
10/20/2023 17:10,1748,1565,0,0,60,3
10/20/2023 14:10,1865,1630,0,0,10,5
10/20/2023 10:10,4575,4219,0,2,503,42
10/19/2023 15:10,1295,1131,0,2,85,2
10/19/2023 11:10,2659,2006,6,15,74,58
10/19/2023 10:10,1305,1159,0,0,25,13
10/19/2023 08:10,1361,1218,0,1,7,1
10/18/2023 15:10,3390,2946,5,8,114,35
10/18/2023 15:10,1953,1677,3,7,23,18
10/18/2023 10:10,1489,1382,0,0,7,1
10/18/2023 10:10,1785,1641,0,1,13,2
10/17/2023 15:10,2341,2141,3,0,310,32
10/17/2023 12:10,1973,1830,0,0,26,8
10/16/2023 20:10,8116,6779,8,3,1584,89
10/04/2023 08:10,2346,2110,0,1,85,5
10/05/2023 10:10,1845,1657,0,1,25,7
10/05/2023 11:10,2045,1825,0,0,40,7
10/05/2023 14:10,2308,1969,1,3,31,38
10/05/2023 16:10,3248,2693,3,5,273,32
10/05/2023 17:10,10432,6561,1,22,871,78
10/06/2023 08:10,2439,1833,0,10,48,15
10/06/2023 09:10,1398,1169,0,0,4,5
10/06/2023 10:10,11282,7976,4,13,2107,94
10/06/2023 17:10,3163,2700,0,2,28,7
10/06/2023 17:10,2286,1910,0,0,25,4
10/06/2023 17:10,2666,2246,0,3,28,17
10/07/2023 16:10,5370,4487,0,1,1010,51
10/09/2023 12:10,2129,1959,0,0,23,2
10/09/2023 13:10,10288,8214,8,14,1930,239
10/09/2023 19:10,7289,6162,2,5,1040,72
10/09/2023 19:10,6417,5318,0,2,511,49
10/10/2023 12:10,2800,2447,0,1,149,3
10/10/2023 21:10,2808,2627,0,0,393,17
10/11/2023 11:10,2430,2255,0,0,27,1
10/11/2023 11:10,3096,2685,0,0,237,8
10/11/2023 22:10,8101,6868,0,2,1009,82
10/12/2023 08:10,2262,2113,0,1,12,7
10/12/2023 09:10,2406,2196,0,2,28,21
10/12/2023 09:10,2473,2057,0,0,56,3
10/13/2023 09:10,2942,2545,0,0,161,3
10/13/2023 09:10,2492,2181,0,1,50,4
10/16/2023 10:10,4991,4754,0,1,967,68
10/16/2023 11:10,2674,2354,1,3,81,19
10/02/2023 17:10,2675,2421,0,1,61,49
10/03/2023 09:10,4623,4082,0,7,519,38
